InvoiceNo,CompanyCode,Vendor,PostingDate,Amount,Currency,Hash
INV62195180,US01,V616130,2026-05-15,60684.01,EUR,fa0699d6569d2ee5be12
INV21285571,US01,V734796,2026-03-14,70658.61,EUR,5e78851234d2e260e7b7
INV95800192,IN01,V655370,2026-08-21,13532.34,EUR,212c24a11cc41afdae1c
INV81276083,US01,V223108,2026-09-16,3839.69,EUR,3092273fbddd1b4b3677
INV19908689,1010,V861095,2026-05-20,45549.36,USD,b3e85f13b275389c6f7c
INV35959983,1010,V426825,2026-04-04,34884.13,INR,e33aa2537ae8f7dbc7bb
INV84354755,1010,V994886,2026-02-26,46038.49,USD,857a93e2eea3d67d66aa
INV62402395,1010,V821707,2026-05-12,96016.99,EUR,d8b37e5a221dd2fe48a7
INV25226473,US01,V245549,2026-05-01,88034.73,USD,e053f2e321e59632668b
INV99953995,IN01,V866563,2026-08-17,46949.60,EUR,9e7126cb86289ee8a0a8
INV53521141,US01,V684441,2026-02-25,93844.31,INR,9f9efb59130c7454a2f8
INV75891728,1010,V733266,2026-03-10,15267.99,EUR,1b866db6c071d93e910d
INV46763525,1010,V787690,2026-04-28,21243.55,INR,4b175a5136c8b21c76d0
INV26976424,IN01,V310382,2026-05-11,40820.18,INR,7494ad2a4123cce8afe5
INV23830307,1010,V278624,2026-05-08,97661.68,USD,db0964b02161f63d97bd
INV57373745,US01,V102106,2026-02-18,98816.84,EUR,7ff93e5c337a53480e6a
INV22159894,1010,V544985,2026-05-26,85017.73,USD,907b4bc371d0ddc0b8bf
INV43385737,1010,V159775,2026-05-02,98479.90,INR,7a5bcfd1cb135bfc8e26
INV66747098,IN01,V727923,2026-09-21,10483.24,EUR,85255fd18f5a5a10879d
INV48170502,IN01,V180345,2026-04-27,64891.91,USD,0ea69799f7c92d5b0d5f
INV99190207,US01,V764331,2026-03-27,66718.69,INR,7b1cf58b7e236b4c6510
INV32289814,1010,V260708,2026-06-29,21262.53,EUR,d8d4aa9a7dc3849787dd
INV40892374,US01,V304244,2026-02-25,92173.51,EUR,db016c852fd8395964db
INV54993578,IN01,V300970,2026-10-02,70219.11,EUR,0102f6361f73bdc4a949
INV25276327,IN01,V456169,2026-08-13,49352.95,USD,a392c4e0bc0745cdabbe
INV31457188,IN01,V574959,2026-01-28,17231.42,USD,0a1d12207ca1ebb23c6e
INV95906701,US01,V403255,2026-04-14,4253.93,INR,975067efca0c9bf426b3
INV18150993,US01,V767914,2026-03-03,47993.54,INR,eb331ea5a695a6704a65
INV93269526,1010,V265819,2026-08-04,90893.37,INR,91cb042f01252f85fc30
INV73990299,IN01,V408850,2026-04-06,75188.81,EUR,c88bf0c69a78cfdaa03e
INV33933160,IN01,V863455,2026-05-20,86612.44,USD,890cd954cf503324db35
INV68055126,IN01,V184731,2026-08-05,84889.88,INR,cf76510e3d5c1b591771